uri,notation,prefLabel,altLabel,inScheme,topConceptOf,theme,collections,broader,belongsTo,Validatiestatus
collectie:water,,Collectie van fysico-chemische eigenschappen die betrekking hebben op water.,,conceptscheme:fysico-chemische-eigenschap,,,,,,
1,Gemiddeld,Gemiddeld,,conceptscheme:fysico-chemische-eigenschap,conceptscheme:fysico-chemische-eigenschap,gemet:6229|gemet:1322,collectie:water,,,
3,QI,Kwaliteits Index,,conceptscheme:fysico-chemische-eigenschap,conceptscheme:fysico-chemische-eigenschap,gemet:6229|gemet:1322,collectie:water,,,
4,d,Densiteit,,conceptscheme:fysico-chemische-eigenschap,conceptscheme:fysico-chemische-eigenschap,gemet:6229|gemet:11116,collectie:water,,,
5,Secchi,Doorzichtigheid,,conceptscheme:fysico-chemische-eigenschap,conceptscheme:fysico-chemische-eigenschap,gemet:6229|gemet:1322,collectie:water,,,
6,DR,Droogrest,,conceptscheme:fysico-chemische-eigenschap,conceptscheme:fysico-chemische-eigenschap,gemet:6229|gemet:1322,collectie:water,,,Status: done01.2026
7,DR105,Droogresten (105°C),,conceptscheme:fysico-chemische-eigenschap,,gemet:6229|gemet:1322,collectie:water,6,,
8,DR180,Droogresten (180°C),,conceptscheme:fysico-chemische-eigenschap,,gemet:6229|gemet:1322,collectie:water,6,,
9,EC 20,Geleidbaarheid (20°C),,conceptscheme:fysico-chemische-eigenschap,,gemet:6229|gemet:1686,collectie:water,322,,
10,EC,Geleidbaarheid ter plaatse,,conceptscheme:fysico-chemische-eigenschap,,gemet:6229|gemet:1686,collectie:water,322,,
11,GR,Gloeirest,,conceptscheme:fysico-chemische-eigenschap,conceptscheme:fysico-chemische-eigenschap,gemet:6229|gemet:1322,collectie:water,,,
12,GV,Gloeiverlies,,conceptscheme:fysico-chemische-eigenschap,conceptscheme:fysico-chemische-eigenschap,gemet:6229|gemet:1322,collectie:water,,,
13,H per.,"Hardheid, permanent",,conceptscheme:fysico-chemische-eigenschap,,gemet:6229|gemet:1322,collectie:water,15,,
14,H tijd.,"Hardheid, tijdelijk",,conceptscheme:fysico-chemische-eigenschap,,gemet:6229|gemet:1322,collectie:water,15,,
15,H t,"Hardheid, totaal",,conceptscheme:fysico-chemische-eigenschap,conceptscheme:fysico-chemische-eigenschap,gemet:6229|gemet:1322,collectie:water,,,Status: done01.2026
16,IB,Ionenbalans,,conceptscheme:fysico-chemische-eigenschap,conceptscheme:fysico-chemische-eigenschap,gemet:6229|gemet:1322,collectie:water,,,
17,IS,Ionensterkte,,conceptscheme:fysico-chemische-eigenschap,conceptscheme:fysico-chemische-eigenschap,gemet:6229|gemet:1322,collectie:water,,,
18,Kleur,Kleur,,conceptscheme:fysico-chemische-eigenschap,conceptscheme:fysico-chemische-eigenschap,gemet:6229|gemet:1322,collectie:water,,,Status: done01.2026
19,Gran<16,Korrelgrootte distributie <16µm,,conceptscheme:fysico-chemische-eigenschap,,gemet:6229|gemet:1322,collectie:water,331,,
20,Gran<2,Korrelgrootte distributie <2µm,,conceptscheme:fysico-chemische-eigenschap,,gemet:6229|gemet:1322,collectie:water,331,,
21,Gran<63,Korrelgrootte distributie <63µm,,conceptscheme:fysico-chemische-eigenschap,,gemet:6229|gemet:1322,collectie:water,331,,
22,Gran>63,Korrelgrootte distributie >63µm,,conceptscheme:fysico-chemische-eigenschap,,gemet:6229|gemet:1322,collectie:water,331,,
23,Neerslag,Neerslag,,conceptscheme:fysico-chemische-eigenschap,conceptscheme:fysico-chemische-eigenschap,gemet:6229|gemet:1322,collectie:water,,,
24,pH,pH,,conceptscheme:fysico-chemische-eigenschap,,gemet:6229|gemet:1322,collectie:water,76,,
25,pH-KCl,pH (KCl),,conceptscheme:fysico-chemische-eigenschap,,gemet:6229|gemet:1322,collectie:water,76,,
26,Eh,Redox potentiaal,,conceptscheme:fysico-chemische-eigenschap,conceptscheme:fysico-chemische-eigenschap,gemet:6229|gemet:1322,collectie:water,,,
27,Reuk,Geur,Reuk,conceptscheme:fysico-chemische-eigenschap,conceptscheme:fysico-chemische-eigenschap,gemet:6229|gemet:1322,collectie:water,,,Status: done01.2026
28,Salin.,Saliniteit,,conceptscheme:fysico-chemische-eigenschap,conceptscheme:fysico-chemische-eigenschap,gemet:6229|gemet:1322,collectie:water,,,
29,Smaak,Smaak,,conceptscheme:fysico-chemische-eigenschap,conceptscheme:fysico-chemische-eigenschap,gemet:6229|gemet:1322,collectie:water,,,
30,T,Temperatuur,,conceptscheme:fysico-chemische-eigenschap,conceptscheme:fysico-chemische-eigenschap,gemet:6229|gemet:1322,collectie:water,,,
31,Turb.,Troebelingsgraad,Turbiditeit,conceptscheme:fysico-chemische-eigenschap,conceptscheme:fysico-chemische-eigenschap,gemet:6229|gemet:1322,collectie:water,,,Status: done01.2026
32,Turb. ps,"Turbiditeit, postsedimentair",,conceptscheme:fysico-chemische-eigenschap,conceptscheme:fysico-chemische-eigenschap,gemet:6229|gemet:1322,collectie:water,,,
33,VP,Vlampunt,,conceptscheme:fysico-chemische-eigenschap,conceptscheme:fysico-chemische-eigenschap,gemet:6229|gemet:1322,collectie:water,,,
36,Water,Watergehalte,,conceptscheme:fysico-chemische-eigenschap,conceptscheme:fysico-chemische-eigenschap,gemet:6229|gemet:1322,collectie:water,,,
37,ZS afm.,"Zwevende stoffen, afmeting",,conceptscheme:fysico-chemische-eigenschap,conceptscheme:fysico-chemische-eigenschap,gemet:6229|gemet:1322,collectie:water,,,Status: done01.2026
38,nSE,Aantal systematische eenheden,,conceptscheme:fysico-chemische-eigenschap,conceptscheme:fysico-chemische-eigenschap,gemet:6229|gemet:1322,collectie:water,,,
39,BZV5,Biochemisch zuurstofverbruik na 5d.,,conceptscheme:fysico-chemische-eigenschap,conceptscheme:fysico-chemische-eigenschap,gemet:6229|gemet:1322,collectie:water,,,
40,CZV,Chemisch zuurstofverbruik,,conceptscheme:fysico-chemische-eigenschap,conceptscheme:fysico-chemische-eigenschap,gemet:6229|gemet:1322,collectie:water,,,
41,CZV f,"Chemisch zuurstofverbruik, gefiltreerd",,conceptscheme:fysico-chemische-eigenschap,conceptscheme:fysico-chemische-eigenschap,gemet:6229|gemet:1322,collectie:water,,,
42,KW,Kwaliteit,,conceptscheme:fysico-chemische-eigenschap,conceptscheme:fysico-chemische-eigenschap,gemet:6229|gemet:1322,collectie:water,,,
43,Alpha,"Radioactiviteit, alpha",,conceptscheme:fysico-chemische-eigenschap,conceptscheme:fysico-chemische-eigenschap,gemet:6229|gemet:1322,collectie:water,,,
44,Beta,"Radioactiviteit, beta",,conceptscheme:fysico-chemische-eigenschap,conceptscheme:fysico-chemische-eigenschap,gemet:6229|gemet:1322,collectie:water,,,
45,dil.F,Dilutie factor,,conceptscheme:fysico-chemische-eigenschap,conceptscheme:fysico-chemische-eigenschap,gemet:6229|gemet:1322,collectie:water,,,
46,Rot,Verrotbaarheid,,conceptscheme:fysico-chemische-eigenschap,conceptscheme:fysico-chemische-eigenschap,gemet:6229|gemet:1322,collectie:water,,,
47,Sp.opp.,Specifiek oppervlak,,conceptscheme:fysico-chemische-eigenschap,conceptscheme:fysico-chemische-eigenschap,gemet:6229|gemet:1322,collectie:water,,,
48,Gran<2 bt,"Korrelgrootte distributie <2µm, totaal",,conceptscheme:fysico-chemische-eigenschap,,gemet:6229|gemet:1322,collectie:water,331,,
49,Dagen,Dagen,,conceptscheme:fysico-chemische-eigenschap,conceptscheme:fysico-chemische-eigenschap,gemet:6229|gemet:1322,collectie:water,,,
50,Vol,Volume,,conceptscheme:fysico-chemische-eigenschap,conceptscheme:fysico-chemische-eigenschap,gemet:6229|gemet:1322,collectie:water,,,
51,pH-CO2,pH (na ontgassen),,conceptscheme:fysico-chemische-eigenschap,,gemet:6229|gemet:1322,collectie:water,76,,
52,Rad.act.,"Radioactiviteit, totaal",,conceptscheme:fysico-chemische-eigenschap,conceptscheme:fysico-chemische-eigenschap,gemet:6229|gemet:1322,collectie:water,,,
53,Q,Debiet,,conceptscheme:fysico-chemische-eigenschap,conceptscheme:fysico-chemische-eigenschap,gemet:6229|gemet:1322,collectie:water,,,
54,Gran<50,Korrelgrootte distributie <50µm,,conceptscheme:fysico-chemische-eigenschap,,gemet:6229|gemet:1322,collectie:water,331,,
55,Gran>2<63,Korrelgrootte distributie >2µm en <63µm,,conceptscheme:fysico-chemische-eigenschap,,gemet:6229|gemet:1322,collectie:water,331,,
56,Gran>50,Korrelgrootte distributie >50µm,,conceptscheme:fysico-chemische-eigenschap,,gemet:6229|gemet:1322,collectie:water,331,,
57,EC 25,Geleidbaarheid (25°C),,conceptscheme:fysico-chemische-eigenschap,,gemet:6229|gemet:1686,collectie:water,322,,
58,FPFV,Filterverzadiging,,conceptscheme:fysico-chemische-eigenschap,conceptscheme:fysico-chemische-eigenschap,gemet:6229|gemet:1322,collectie:water,,,
59,Gran<4,Korrelgrootte distributie <4µm,,conceptscheme:fysico-chemische-eigenschap,,gemet:6229|gemet:1322,collectie:water,331,,
60,Gran<8,Korrelgrootte distributie <8µm,,conceptscheme:fysico-chemische-eigenschap,,gemet:6229|gemet:1322,collectie:water,331,,
61,Gran<32,Korrelgrootte distributie <32µm,,conceptscheme:fysico-chemische-eigenschap,,gemet:6229|gemet:1322,collectie:water,331,,
62,Straling uv-A,"Straling, ultraviolet (type A)",,conceptscheme:fysico-chemische-eigenschap,conceptscheme:fysico-chemische-eigenschap,gemet:6229|gemet:1322,collectie:water,,,
63,Straling n,"Straling, netto",,conceptscheme:fysico-chemische-eigenschap,conceptscheme:fysico-chemische-eigenschap,gemet:6229|gemet:1322,collectie:water,,,
64,Luchtdruk sh,Luchtdruk op stationshoogte (QFE),,conceptscheme:fysico-chemische-eigenschap,conceptscheme:fysico-chemische-eigenschap,gemet:6229|gemet:1322,collectie:water,,,
65,Rel.vocht,Relatieve vochtigheid,,conceptscheme:fysico-chemische-eigenschap,conceptscheme:fysico-chemische-eigenschap,gemet:6229|gemet:1322,collectie:water,,,
66,Zon t,"Zonnestraling, totaal",,conceptscheme:fysico-chemische-eigenschap,conceptscheme:fysico-chemische-eigenschap,gemet:6229|gemet:1322,collectie:water,,,
67,DD,Windrichting,,conceptscheme:fysico-chemische-eigenschap,conceptscheme:fysico-chemische-eigenschap,gemet:6229|gemet:1322,collectie:water,,,
68,VM,"Windsnelheid, scalair",,conceptscheme:fysico-chemische-eigenschap,conceptscheme:fysico-chemische-eigenschap,gemet:6229|gemet:1322,collectie:water,,,
69,FF,"Windsnelheid, vectorieel",,conceptscheme:fysico-chemische-eigenschap,conceptscheme:fysico-chemische-eigenschap,gemet:6229|gemet:1322,collectie:water,,,
70,Lengte,Lengte,,conceptscheme:fysico-chemische-eigenschap,conceptscheme:fysico-chemische-eigenschap,gemet:6229|gemet:1322,collectie:water,,,
71,Breedte,Breedte,,conceptscheme:fysico-chemische-eigenschap,conceptscheme:fysico-chemische-eigenschap,gemet:6229|gemet:1322,collectie:water,,,
72,Diepte,Bemonsteringsdiepte,,conceptscheme:fysico-chemische-eigenschap,conceptscheme:fysico-chemische-eigenschap,gemet:6229|gemet:1322,collectie:water,,,
73,Dikte,Dikte,,conceptscheme:fysico-chemische-eigenschap,conceptscheme:fysico-chemische-eigenschap,gemet:6229|gemet:1322,collectie:water,,,
74,Dauwpunt,Dauwpunt,,conceptscheme:fysico-chemische-eigenschap,conceptscheme:fysico-chemische-eigenschap,gemet:6229|gemet:1322,collectie:water,,,
75,Tv,Temperatuursverschil,,conceptscheme:fysico-chemische-eigenschap,conceptscheme:fysico-chemische-eigenschap,gemet:6229|gemet:1322,collectie:water,,,
76,H+,Zuurtegraad,,conceptscheme:fysico-chemische-eigenschap,conceptscheme:fysico-chemische-eigenschap,gemet:6229|gemet:1322,collectie:water,,,
77,Straling uv-B,"Straling, ultraviolet (type B)",,conceptscheme:fysico-chemische-eigenschap,conceptscheme:fysico-chemische-eigenschap,gemet:6229|gemet:1322,collectie:water,,,
78,d13C,Isotopenverhouding koolstof 13 en 12,,conceptscheme:fysico-chemische-eigenschap,conceptscheme:fysico-chemische-eigenschap,gemet:6229|gemet:1322,collectie:water,,,
79,d15N,Isotopenverhouding stikstof 15 en 14,,conceptscheme:fysico-chemische-eigenschap,conceptscheme:fysico-chemische-eigenschap,gemet:6229|gemet:1322,collectie:water,,,
80,DE*ab,CIE 1976 totaal kleurverschil,kleur,conceptscheme:fysico-chemische-eigenschap,,gemet:6229|gemet:1322,collectie:water,18,,Status: done01.2026
81,Gewicht,Gewicht,,conceptscheme:fysico-chemische-eigenschap,conceptscheme:fysico-chemische-eigenschap,gemet:6229|gemet:1322,collectie:water,,,
82,BioDegr,Biodegradeerbaarheid,,conceptscheme:fysico-chemische-eigenschap,conceptscheme:fysico-chemische-eigenschap,gemet:6229|gemet:1322,collectie:water,,,
84,BZV5 rendement,Rendement BZV5 ten opzichte van influentbelasting,,conceptscheme:fysico-chemische-eigenschap,conceptscheme:fysico-chemische-eigenschap,gemet:6229|gemet:1322,collectie:water,,,
85,CZV rendement,Rendement CZV ten opzichte van influentbelasting,,conceptscheme:fysico-chemische-eigenschap,conceptscheme:fysico-chemische-eigenschap,gemet:6229|gemet:1322,collectie:water,,,
86,N t rendement,rendement N t tov influentbelasting,,conceptscheme:fysico-chemische-eigenschap,conceptscheme:fysico-chemische-eigenschap,gemet:6229|gemet:1322,collectie:water,,,
87,Fol h2o_vlucht,Met waterdamp vluchtige fenolen,,conceptscheme:fysico-chemische-eigenschap,conceptscheme:fysico-chemische-eigenschap,gemet:6229|gemet:1322,collectie:water,,,
88,CZV/BZV,CZV/BZV-verhoudingen,,conceptscheme:fysico-chemische-eigenschap,conceptscheme:fysico-chemische-eigenschap,gemet:6229|gemet:1322,collectie:water,,,
89,BZV/N,BZV/N-verhouding,,conceptscheme:fysico-chemische-eigenschap,conceptscheme:fysico-chemische-eigenschap,gemet:6229|gemet:1322,collectie:water,,,
90,BZV/P,BZV/P-verhouding,,conceptscheme:fysico-chemische-eigenschap,conceptscheme:fysico-chemische-eigenschap,gemet:6229|gemet:1322,collectie:water,,,
91,CZV/N,CZV/N-verhouding,,conceptscheme:fysico-chemische-eigenschap,conceptscheme:fysico-chemische-eigenschap,gemet:6229|gemet:1322,collectie:water,,,
92,Deelgewicht 1,Gewicht fles 1 (neerslagwater),,conceptscheme:fysico-chemische-eigenschap,,gemet:6229|gemet:1322,collectie:water,81,,
93,Deelgewicht 2,Gewicht fles 2 (neerslagwater),,conceptscheme:fysico-chemische-eigenschap,,gemet:6229|gemet:1322,collectie:water,81,,
94,Bem verschil,Verschil tss wegingen bemonsterde filter,,conceptscheme:fysico-chemische-eigenschap,conceptscheme:fysico-chemische-eigenschap,gemet:6229|gemet:1322,collectie:water,,,
95,Bem gem,Gemiddelde vd wegingen bemonsterde filter,,conceptscheme:fysico-chemische-eigenschap,conceptscheme:fysico-chemische-eigenschap,gemet:6229|gemet:1322,collectie:water,,,
96,NC10-20,Deeltjesaantal 10-20 nm,,conceptscheme:fysico-chemische-eigenschap,conceptscheme:fysico-chemische-eigenschap,gemet:6229|gemet:1322,collectie:water,,,
97,NC20-30,Deeltjesaantal 20-30 nm,,conceptscheme:fysico-chemische-eigenschap,conceptscheme:fysico-chemische-eigenschap,gemet:6229|gemet:1322,collectie:water,,,
98,NC30-50,Deeltjesaantal 30-50 nm,,conceptscheme:fysico-chemische-eigenschap,conceptscheme:fysico-chemische-eigenschap,gemet:6229|gemet:1322,collectie:water,,,
99,NC50-70,Deeltjesaantal 50-70 nm,,conceptscheme:fysico-chemische-eigenschap,conceptscheme:fysico-chemische-eigenschap,gemet:6229|gemet:1322,collectie:water,,,
100,NC70-100,Deeltjesaantal 70-100 nm,,conceptscheme:fysico-chemische-eigenschap,conceptscheme:fysico-chemische-eigenschap,gemet:6229|gemet:1322,collectie:water,,,
101,NC100-200,Deeltjesaantal 100-200 nm,,conceptscheme:fysico-chemische-eigenschap,conceptscheme:fysico-chemische-eigenschap,gemet:6229|gemet:1322,collectie:water,,,
102,NC200-500,Deeltjesaantal 200-500 nm,,conceptscheme:fysico-chemische-eigenschap,conceptscheme:fysico-chemische-eigenschap,gemet:6229|gemet:1322,collectie:water,,,
103,NC200-1000,Deeltjesaantal 200-1000 nm,,conceptscheme:fysico-chemische-eigenschap,conceptscheme:fysico-chemische-eigenschap,gemet:6229|gemet:1322,collectie:water,,,
104,MUC-EC 20,"Geleidbaarheid (20°C), MUC project",,conceptscheme:fysico-chemische-eigenschap,,gemet:6229|gemet:1686,collectie:water,322,,
105,MUCd-EC 20,"Geleidbaarheid (20°C), MUC project",,conceptscheme:fysico-chemische-eigenschap,,gemet:6229|gemet:1686,collectie:water,322,,
106,Gran<125,Korrelgrootte distributie <125µm,,conceptscheme:fysico-chemische-eigenschap,,gemet:6229|gemet:1322,collectie:water,331,,
107,Gran<250,Korrelgrootte distributie <250µm,,conceptscheme:fysico-chemische-eigenschap,,gemet:6229|gemet:1322,collectie:water,331,,
108,Gran<500,Korrelgrootte distributie <500µm,,conceptscheme:fysico-chemische-eigenschap,,gemet:6229|gemet:1322,collectie:water,331,,
109,Gran<1000,Korrelgrootte distributie <1000µm,,conceptscheme:fysico-chemische-eigenschap,,gemet:6229|gemet:1322,collectie:water,331,,
110,Gran<2000,Korrelgrootte distributie <2000µm,,conceptscheme:fysico-chemische-eigenschap,,gemet:6229|gemet:1322,collectie:water,331,,
111,pH na ZW,pH na Zahn Wellens,,conceptscheme:fysico-chemische-eigenschap,,gemet:6229|gemet:1322,collectie:water,76,,
112,EC 25 na ZW,Geleidbaarheid (25°C) na Zahn Wellens,,conceptscheme:fysico-chemische-eigenschap,,gemet:6229|gemet:1686,collectie:water,322,,
113,H t na ZW,"Hardheid, totaal na Zahn Wellens",,conceptscheme:fysico-chemische-eigenschap,,gemet:6229|gemet:1322,collectie:water,15,,
114,Gran<20,Korrelgrootte distributie <20µm,,conceptscheme:fysico-chemische-eigenschap,,gemet:6229|gemet:1322,collectie:water,331,,
115,ZS rendement,Rendement ZS ten opzichte van influentbelasting,,conceptscheme:fysico-chemische-eigenschap,conceptscheme:fysico-chemische-eigenschap,gemet:6229|gemet:1322,collectie:water,,,
conceptscheme:fysico-chemische-eigenschap,,Codelijst fysico-chemische eigenschappen,,,,,,,omg_dataset:codelijst-fysico-chemische-eigenschap,
117,,Pid,,conceptscheme:fysico-chemische-eigenschap,conceptscheme:fysico-chemische-eigenschap,gemet:6229|gemet:1322,,,,
118,,Vochtgehalte,,conceptscheme:fysico-chemische-eigenschap,conceptscheme:fysico-chemische-eigenschap,gemet:6229|gemet:1322,,,,
119,,Hydrologisch type,,conceptscheme:fysico-chemische-eigenschap,conceptscheme:fysico-chemische-eigenschap,gemet:6229|gemet:1322,,,,
120,,Regime hydrostratigrafie,,conceptscheme:fysico-chemische-eigenschap,conceptscheme:fysico-chemische-eigenschap,gemet:6229|gemet:1322,,,,
121,,Vertikale doorlatendheid,,conceptscheme:fysico-chemische-eigenschap,conceptscheme:fysico-chemische-eigenschap,gemet:6229|gemet:1322,,,,
122,,Horizontale doorlatendheid,,conceptscheme:fysico-chemische-eigenschap,conceptscheme:fysico-chemische-eigenschap,gemet:6229|gemet:1322,,,,
123,,Geur - Solventen,,conceptscheme:fysico-chemische-eigenschap,,gemet:6229|gemet:1322,,27,,
124,,Geur - Minerale Olie,,conceptscheme:fysico-chemische-eigenschap,,gemet:6229|gemet:1322,,27,,
125,,Geur - Ondefinieerbaar,,conceptscheme:fysico-chemische-eigenschap,,gemet:6229|gemet:1322,,27,,
126,,Geur - Amoniak,,conceptscheme:fysico-chemische-eigenschap,,gemet:6229|gemet:1322,,27,,
127,,Geur - Brandstofachtige,,conceptscheme:fysico-chemische-eigenschap,,gemet:6229|gemet:1322,,27,,
128,,Geur - Benzine,,conceptscheme:fysico-chemische-eigenschap,,gemet:6229|gemet:1322,,27,,
129,,Geur - Carbolineum,,conceptscheme:fysico-chemische-eigenschap,,gemet:6229|gemet:1322,,27,,
130,,Geur - Chemisch,,conceptscheme:fysico-chemische-eigenschap,,gemet:6229|gemet:1322,,27,,
131,,Geur - Chloor,,conceptscheme:fysico-chemische-eigenschap,,gemet:6229|gemet:1322,,27,,
132,,Geur - Condensaat,,conceptscheme:fysico-chemische-eigenschap,,gemet:6229|gemet:1322,,27,,
133,,Geur - Diesel,,conceptscheme:fysico-chemische-eigenschap,,gemet:6229|gemet:1322,,27,,
134,,Geur - Glycol,,conceptscheme:fysico-chemische-eigenschap,,gemet:6229|gemet:1322,,27,,
135,,Geur - Olie aromaten,,conceptscheme:fysico-chemische-eigenschap,,gemet:6229|gemet:1322,,27,,
136,,Geur - Olie,,conceptscheme:fysico-chemische-eigenschap,,gemet:6229|gemet:1322,,27,,
137,,Geur - Petroleum,,conceptscheme:fysico-chemische-eigenschap,,gemet:6229|gemet:1322,,27,,
138,,Geur - Rotting,,conceptscheme:fysico-chemische-eigenschap,,gemet:6229|gemet:1322,,27,,
139,,Geur - Scherpe geur,,conceptscheme:fysico-chemische-eigenschap,,gemet:6229|gemet:1322,,27,,
140,,Geur - Teer,,conceptscheme:fysico-chemische-eigenschap,,gemet:6229|gemet:1322,,27,,
141,,Geur - Terpentine,,conceptscheme:fysico-chemische-eigenschap,,gemet:6229|gemet:1322,,27,,
142,,Geur - Verf (terpentine basis),,conceptscheme:fysico-chemische-eigenschap,,gemet:6229|gemet:1322,,27,,
143,,Geur - Zoete geur,,conceptscheme:fysico-chemische-eigenschap,,gemet:6229|gemet:1322,,27,,
144,,Geur - Zure geur,,conceptscheme:fysico-chemische-eigenschap,,gemet:6229|gemet:1322,,27,,
145,,Geur - Slib,,conceptscheme:fysico-chemische-eigenschap,,gemet:6229|gemet:1322,,27,,
146,,Geur - Aromaten,,conceptscheme:fysico-chemische-eigenschap,,gemet:6229|gemet:1322,,27,,
150,,Suikergehalte (totaal),,conceptscheme:fysico-chemische-eigenschap,conceptscheme:fysico-chemische-eigenschap,gemet:6229|gemet:1322,,,,
151,,Vezelconcentratie,,conceptscheme:fysico-chemische-eigenschap,conceptscheme:fysico-chemische-eigenschap,gemet:6229|gemet:1322,,,,
152,,Zuurbindende waarde,,conceptscheme:fysico-chemische-eigenschap,conceptscheme:fysico-chemische-eigenschap,gemet:6229|gemet:1322,,,,
153,,Korrelgrootte < 1000 µm,,conceptscheme:fysico-chemische-eigenschap,,gemet:6229|gemet:1322,,331,,
154,,Korrelgrootte < 125 µm,,conceptscheme:fysico-chemische-eigenschap,,gemet:6229|gemet:1322,,331,,
155,,Korrelgrootte < 16 µm,,conceptscheme:fysico-chemische-eigenschap,,gemet:6229|gemet:1322,,331,,
156,,Korrelgrootte < 180 µm,,conceptscheme:fysico-chemische-eigenschap,,gemet:6229|gemet:1322,,331,,
157,,Korrelgrootte < 2 µm,,conceptscheme:fysico-chemische-eigenschap,,gemet:6229|gemet:1322,,331,,
158,,Korrelgrootte < 250 µm,,conceptscheme:fysico-chemische-eigenschap,,gemet:6229|gemet:1322,,331,,
159,,Korrelgrootte < 500 µm,,conceptscheme:fysico-chemische-eigenschap,,gemet:6229|gemet:1322,,331,,
160,,Korrelgrootte < 63 µm,,conceptscheme:fysico-chemische-eigenschap,,gemet:6229|gemet:1322,,331,,
161,,Korrelgrootte < 32 µm,,conceptscheme:fysico-chemische-eigenschap,,gemet:6229|gemet:1322,,331,,
162,,Korrelgrootte < 50 µm,,conceptscheme:fysico-chemische-eigenschap,,gemet:6229|gemet:1322,,331,,
163,,Korrelgrootte > 2000 µm,,conceptscheme:fysico-chemische-eigenschap,,gemet:6229|gemet:1322,,331,,
164,,Korrelgrootte < 2000 µm,,conceptscheme:fysico-chemische-eigenschap,,gemet:6229|gemet:1322,,331,,
165,,Korrelgrootte < 355 µm,,conceptscheme:fysico-chemische-eigenschap,,gemet:6229|gemet:1322,,331,,
166,,Asbest fractie van 1 mm tot 2mm,,conceptscheme:fysico-chemische-eigenschap,conceptscheme:fysico-chemische-eigenschap,gemet:6229|gemet:1322,,,,
167,,Asbest fractie van 2 mm tot 4 mm,,conceptscheme:fysico-chemische-eigenschap,conceptscheme:fysico-chemische-eigenschap,gemet:6229|gemet:1322,,,,
168,,Asbest fractie van 4 mm tot 8 mm,,conceptscheme:fysico-chemische-eigenschap,conceptscheme:fysico-chemische-eigenschap,gemet:6229|gemet:1322,,,,
169,,Asbest fractie van 8 mm tot 16 mm,,conceptscheme:fysico-chemische-eigenschap,conceptscheme:fysico-chemische-eigenschap,gemet:6229|gemet:1322,,,,
170,,Asbest fractie groter dan 16 mm,,conceptscheme:fysico-chemische-eigenschap,conceptscheme:fysico-chemische-eigenschap,gemet:6229|gemet:1322,,,,
171,,Zuurstofverzadiging,,conceptscheme:fysico-chemische-eigenschap,conceptscheme:fysico-chemische-eigenschap,gemet:6229|gemet:1322,,,,
173,,"Korrelgrootte distributie <2µm, totaal",,conceptscheme:fysico-chemische-eigenschap,conceptscheme:fysico-chemische-eigenschap,gemet:6229|gemet:1322,,,,
174,,Aanwezigheid compacte laag,,conceptscheme:fysico-chemische-eigenschap,conceptscheme:fysico-chemische-eigenschap,gemet:6229|gemet:1322,,,,
175,,Aanwezigheid drainage,,conceptscheme:fysico-chemische-eigenschap,conceptscheme:fysico-chemische-eigenschap,gemet:6229|gemet:1322,,,,
176,,Aanwezigheid ijzeroerlaag,,conceptscheme:fysico-chemische-eigenschap,conceptscheme:fysico-chemische-eigenschap,gemet:6229|gemet:1322,,,,
177,,Aanwezigheid roest,,conceptscheme:fysico-chemische-eigenschap,conceptscheme:fysico-chemische-eigenschap,gemet:6229|gemet:1322,,,,
178,,Aanwezigheid schelpresten,,conceptscheme:fysico-chemische-eigenschap,conceptscheme:fysico-chemische-eigenschap,gemet:6229|gemet:1322,,,,
179,,Aard van de stenige bijmenging,,conceptscheme:fysico-chemische-eigenschap,conceptscheme:fysico-chemische-eigenschap,gemet:6229|gemet:1322,,,,
180,,Advanced Triaxiaal testing,,conceptscheme:fysico-chemische-eigenschap,conceptscheme:fysico-chemische-eigenschap,gemet:6229|gemet:1322,,,,
181,,"ASTM , de beschrijving",,conceptscheme:fysico-chemische-eigenschap,conceptscheme:fysico-chemische-eigenschap,gemet:6229|gemet:1322,,,,
182,,"ASTM , de code",,conceptscheme:fysico-chemische-eigenschap,conceptscheme:fysico-chemische-eigenschap,gemet:6229|gemet:1322,,,,
183,,Begrazing,,conceptscheme:fysico-chemische-eigenschap,conceptscheme:fysico-chemische-eigenschap,gemet:6229|gemet:1322,,,,
184,,Bemonsteringsinstrument bodem,,conceptscheme:fysico-chemische-eigenschap,conceptscheme:fysico-chemische-eigenschap,gemet:6229|gemet:1322,,,,
185,,Bewaard bodemmonster opslaglocatie,,conceptscheme:fysico-chemische-eigenschap,conceptscheme:fysico-chemische-eigenschap,gemet:6229|gemet:1322,,,,
186,,Bewaard bodemmonster voorbereiding type bewaring,,conceptscheme:fysico-chemische-eigenschap,conceptscheme:fysico-chemische-eigenschap,gemet:6229|gemet:1322,,,,
187,,Bewaard bodemmonster voorbereiding type breken zeven malen,,conceptscheme:fysico-chemische-eigenschap,conceptscheme:fysico-chemische-eigenschap,gemet:6229|gemet:1322,,,,
188,,Bewaard bodemmonster voorbereiding type droging,,conceptscheme:fysico-chemische-eigenschap,conceptscheme:fysico-chemische-eigenschap,gemet:6229|gemet:1322,,,,
189,,Bodembedekking landgebruiksbestand Vlaanderen,,conceptscheme:fysico-chemische-eigenschap,conceptscheme:fysico-chemische-eigenschap,gemet:6229|gemet:1322,,,,
190,,Bodembemonstering Cmon steken niet uitgevoerd ander landgebruik,,conceptscheme:fysico-chemische-eigenschap,conceptscheme:fysico-chemische-eigenschap,gemet:6229|gemet:1322,,,,
191,,Bodembemonstering obstakel in de diepte - locatie,,conceptscheme:fysico-chemische-eigenschap,conceptscheme:fysico-chemische-eigenschap,gemet:6229|gemet:1322,,,,
192,,Bodembemonstering obstakel in de diepte - type,,conceptscheme:fysico-chemische-eigenschap,conceptscheme:fysico-chemische-eigenschap,gemet:6229|gemet:1322,,,,
193,,Bodembemonstering obstakels in de diepte,,conceptscheme:fysico-chemische-eigenschap,conceptscheme:fysico-chemische-eigenschap,gemet:6229|gemet:1322,,,,
194,,Bodembemonstering steek niet uitgevoerd - locatie,,conceptscheme:fysico-chemische-eigenschap,conceptscheme:fysico-chemische-eigenschap,gemet:6229|gemet:1322,,,,
195,,Bodembemonstering steek niet uitgevoerd - reden,,conceptscheme:fysico-chemische-eigenschap,conceptscheme:fysico-chemische-eigenschap,gemet:6229|gemet:1322,,,,
196,,Bodembemonstering steken niet uitgevoerd,,conceptscheme:fysico-chemische-eigenschap,conceptscheme:fysico-chemische-eigenschap,gemet:6229|gemet:1322,,,,
197,,Bodemgebruik,,conceptscheme:fysico-chemische-eigenschap,conceptscheme:fysico-chemische-eigenschap,gemet:6229|gemet:1322,,,,
198,,Bodemgebruik Aardewerk,,conceptscheme:fysico-chemische-eigenschap,,gemet:6229|gemet:1322,,197,,
199,,Bodemmonster type matrix,,conceptscheme:fysico-chemische-eigenschap,conceptscheme:fysico-chemische-eigenschap,gemet:6229|gemet:1322,,,,
200,,Bodemmonster type verstoring,,conceptscheme:fysico-chemische-eigenschap,conceptscheme:fysico-chemische-eigenschap,gemet:6229|gemet:1322,,,,
201,,Bodemtoestand,,conceptscheme:fysico-chemische-eigenschap,conceptscheme:fysico-chemische-eigenschap,gemet:6229|gemet:1322,,,,
202,,Bodemverstoring,,conceptscheme:fysico-chemische-eigenschap,conceptscheme:fysico-chemische-eigenschap,gemet:6229|gemet:1322,,,,
203,,C/N ratio,,conceptscheme:fysico-chemische-eigenschap,conceptscheme:fysico-chemische-eigenschap,gemet:6229|gemet:1322,,,,
204,,Consistentie,,conceptscheme:fysico-chemische-eigenschap,conceptscheme:fysico-chemische-eigenschap,gemet:6229|gemet:1322,,,,
205,,Consistentie - kleverigheid,,conceptscheme:fysico-chemische-eigenschap,,gemet:6229|gemet:1322,,204,,
206,,Consistentie - plasticiteit,,conceptscheme:fysico-chemische-eigenschap,,gemet:6229|gemet:1322,,204,,
207,,Constant rate of strain (CRS),,conceptscheme:fysico-chemische-eigenschap,conceptscheme:fysico-chemische-eigenschap,gemet:6229|gemet:1322,,,,
208,,Coördinaat - Bonne - E,,conceptscheme:fysico-chemische-eigenschap,conceptscheme:fysico-chemische-eigenschap,gemet:6229|gemet:1322,,,,
209,,Coördinaat - Bonne - N,,conceptscheme:fysico-chemische-eigenschap,conceptscheme:fysico-chemische-eigenschap,gemet:6229|gemet:1322,,,,
210,,Coördinaat - Bonne - S,,conceptscheme:fysico-chemische-eigenschap,conceptscheme:fysico-chemische-eigenschap,gemet:6229|gemet:1322,,,,
211,,Coördinaat - Bonne - W,,conceptscheme:fysico-chemische-eigenschap,conceptscheme:fysico-chemische-eigenschap,gemet:6229|gemet:1322,,,,
212,,Doorlatendheid in tx cel,,conceptscheme:fysico-chemische-eigenschap,conceptscheme:fysico-chemische-eigenschap,gemet:6229|gemet:1322,,,,
213,,Doorlatendheidsproef - algemeen,,conceptscheme:fysico-chemische-eigenschap,conceptscheme:fysico-chemische-eigenschap,gemet:6229|gemet:1322,,,,
214,,Doorlatendheidsproef- constant verval,,conceptscheme:fysico-chemische-eigenschap,conceptscheme:fysico-chemische-eigenschap,gemet:6229|gemet:1322,,,,
215,,Doorlatendheidsproef- veranderlijk verval - horizontaal,,conceptscheme:fysico-chemische-eigenschap,conceptscheme:fysico-chemische-eigenschap,gemet:6229|gemet:1322,,,,
216,,Doorlatendheidsproef- veranderlijk verval - verticaal,,conceptscheme:fysico-chemische-eigenschap,conceptscheme:fysico-chemische-eigenschap,gemet:6229|gemet:1322,,,,
217,,Drainage Aardewerk-doorlaatbaarheid,,conceptscheme:fysico-chemische-eigenschap,conceptscheme:fysico-chemische-eigenschap,gemet:6229|gemet:1322,,,,
218,,Drainage Aardewerk - interne drainage,,conceptscheme:fysico-chemische-eigenschap,conceptscheme:fysico-chemische-eigenschap,gemet:6229|gemet:1322,,,,
219,,Drainage Aardewerk - klasse,,conceptscheme:fysico-chemische-eigenschap,conceptscheme:fysico-chemische-eigenschap,gemet:6229|gemet:1322,,,,
220,,Drainage Aardewerk - oppervlakkige drainage,,conceptscheme:fysico-chemische-eigenschap,conceptscheme:fysico-chemische-eigenschap,gemet:6229|gemet:1322,,,,
221,,(Drainage) grachten,,conceptscheme:fysico-chemische-eigenschap,conceptscheme:fysico-chemische-eigenschap,gemet:6229|gemet:1322,,,,
222,,Geologische aard - afzettingswijze laag 1,,conceptscheme:fysico-chemische-eigenschap,,gemet:6229|gemet:1322,,330,,
223,,Geologische aard - afzettingswijze laag 2,,conceptscheme:fysico-chemische-eigenschap,,gemet:6229|gemet:1322,,330,,
224,,Geologische aard - afzettingswijze laag 3,,conceptscheme:fysico-chemische-eigenschap,,gemet:6229|gemet:1322,,330,,
225,,Geologische aard - afzettingswijze laag 4,,conceptscheme:fysico-chemische-eigenschap,,gemet:6229|gemet:1322,,330,,
226,,Geologische aard - andere kenmerken laag 1,,conceptscheme:fysico-chemische-eigenschap,,gemet:6229|gemet:1322,,330,,
227,,Geologische aard - andere kenmerken laag 2,,conceptscheme:fysico-chemische-eigenschap,,gemet:6229|gemet:1322,,330,,
228,,Geologische aard - andere kenmerken laag 3,,conceptscheme:fysico-chemische-eigenschap,,gemet:6229|gemet:1322,,330,,
229,,Geologische aard - andere kenmerken laag 4,,conceptscheme:fysico-chemische-eigenschap,,gemet:6229|gemet:1322,,330,,
230,,Geologische aard - bovenliggend laag 1,,conceptscheme:fysico-chemische-eigenschap,,gemet:6229|gemet:1322,,330,,
231,,Geologische aard - bovenliggend laag 2,,conceptscheme:fysico-chemische-eigenschap,,gemet:6229|gemet:1322,,330,,
232,,Geologische aard - bovenliggend laag 3,,conceptscheme:fysico-chemische-eigenschap,,gemet:6229|gemet:1322,,330,,
233,,Geologische aard - bovenliggend laag 4,,conceptscheme:fysico-chemische-eigenschap,,gemet:6229|gemet:1322,,330,,
234,,Geologische aard - bovenliggend laag 5,,conceptscheme:fysico-chemische-eigenschap,,gemet:6229|gemet:1322,,330,,
235,,Geologische aard - bovenliggend laag 6,,conceptscheme:fysico-chemische-eigenschap,,gemet:6229|gemet:1322,,330,,
236,,Geologische aard - lithologie laag 1,,conceptscheme:fysico-chemische-eigenschap,,gemet:6229|gemet:1322,,330,,
237,,Geologische aard - lithologie laag 2,,conceptscheme:fysico-chemische-eigenschap,,gemet:6229|gemet:1322,,330,,
238,,Geologische aard - lithologie laag 3,,conceptscheme:fysico-chemische-eigenschap,,gemet:6229|gemet:1322,,330,,
239,,Geologische aard - lithologie laag 4,,conceptscheme:fysico-chemische-eigenschap,,gemet:6229|gemet:1322,,330,,
240,,Geologische aard - lithologie laag 5,,conceptscheme:fysico-chemische-eigenschap,,gemet:6229|gemet:1322,,330,,
241,,Geologische aard - lithologie laag 6,,conceptscheme:fysico-chemische-eigenschap,,gemet:6229|gemet:1322,,330,,
242,,Geologische aard - tijdperk laag 1,,conceptscheme:fysico-chemische-eigenschap,,gemet:6229|gemet:1322,,330,,
243,,Geologische aard - tijdperk laag 2,,conceptscheme:fysico-chemische-eigenschap,,gemet:6229|gemet:1322,,330,,
244,,Geologische aard - tijdperk laag 3,,conceptscheme:fysico-chemische-eigenschap,,gemet:6229|gemet:1322,,330,,
245,,Geologische aard - tijdperk laag 4,,conceptscheme:fysico-chemische-eigenschap,,gemet:6229|gemet:1322,,330,,
246,,Geologische aard - tijdperk laag 5,,conceptscheme:fysico-chemische-eigenschap,,gemet:6229|gemet:1322,,330,,
247,,Geologische aard - tijdperk laag 6,,conceptscheme:fysico-chemische-eigenschap,,gemet:6229|gemet:1322,,330,,
248,,Gley roest - aantal,,conceptscheme:fysico-chemische-eigenschap,conceptscheme:fysico-chemische-eigenschap,gemet:6229|gemet:1322,,,,
249,,Gley roest - begrenzing,,conceptscheme:fysico-chemische-eigenschap,conceptscheme:fysico-chemische-eigenschap,gemet:6229|gemet:1322,,,,
250,,Gley roest - contrast,,conceptscheme:fysico-chemische-eigenschap,conceptscheme:fysico-chemische-eigenschap,gemet:6229|gemet:1322,,,,
251,,Gley roest - grootte,,conceptscheme:fysico-chemische-eigenschap,conceptscheme:fysico-chemische-eigenschap,gemet:6229|gemet:1322,,,,
252,,Gley roest - vorm,,conceptscheme:fysico-chemische-eigenschap,conceptscheme:fysico-chemische-eigenschap,gemet:6229|gemet:1322,,,,
253,,Grondsoort bepaald op zicht,,conceptscheme:fysico-chemische-eigenschap,conceptscheme:fysico-chemische-eigenschap,gemet:6229|gemet:1322,,,,
254,,Grondsoort volgens BGGG norm,,conceptscheme:fysico-chemische-eigenschap,conceptscheme:fysico-chemische-eigenschap,gemet:6229|gemet:1322,,,,
255,,Grondsoort volgens BGGG norm met detail grind,,conceptscheme:fysico-chemische-eigenschap,conceptscheme:fysico-chemische-eigenschap,gemet:6229|gemet:1322,,,,
256,,Grondsoort volgens BGGG norm zonder detail grind,,conceptscheme:fysico-chemische-eigenschap,conceptscheme:fysico-chemische-eigenschap,gemet:6229|gemet:1322,,,,
257,,Horizontstructuur - gradatie - aardewerk,,conceptscheme:fysico-chemische-eigenschap,conceptscheme:fysico-chemische-eigenschap,gemet:6229|gemet:1322,,,,
258,,Horizontstructuur - gradatie - FAO,,conceptscheme:fysico-chemische-eigenschap,conceptscheme:fysico-chemische-eigenschap,gemet:6229|gemet:1322,,,,
259,,Horizontstructuur - grootteklasse - aardewerk,,conceptscheme:fysico-chemische-eigenschap,conceptscheme:fysico-chemische-eigenschap,gemet:6229|gemet:1322,,,,
260,,Horizontstructuur - grootteklasse - FAO,,conceptscheme:fysico-chemische-eigenschap,conceptscheme:fysico-chemische-eigenschap,gemet:6229|gemet:1322,,,,
261,,Horizontstructuur - type - aardewerk,,conceptscheme:fysico-chemische-eigenschap,conceptscheme:fysico-chemische-eigenschap,gemet:6229|gemet:1322,,,,
262,,Horizontstructuur - type - FAO,,conceptscheme:fysico-chemische-eigenschap,conceptscheme:fysico-chemische-eigenschap,gemet:6229|gemet:1322,,,,
263,,Insporing of vertrappeling door vee,,conceptscheme:fysico-chemische-eigenschap,conceptscheme:fysico-chemische-eigenschap,gemet:6229|gemet:1322,,,,
264,,Kalkgehalte_beschrijvend,,conceptscheme:fysico-chemische-eigenschap,conceptscheme:fysico-chemische-eigenschap,gemet:6229|gemet:1322,,,,
265,,Kalkreactie met HCL,,conceptscheme:fysico-chemische-eigenschap,conceptscheme:fysico-chemische-eigenschap,gemet:6229|gemet:1322,,,,
266,,Kleur omschrijving,,conceptscheme:fysico-chemische-eigenschap,,gemet:6229|gemet:1322,,18,,
267,,Kleur volgens Munsell - CHROMA (kleur1),,conceptscheme:fysico-chemische-eigenschap,,gemet:6229|gemet:1322,,18,,
268,,Kleur volgens Munsell - CHROMA (kleur2),,conceptscheme:fysico-chemische-eigenschap,,gemet:6229|gemet:1322,,18,,
269,,Kleur volgens Munsell - CHROMA (kleur3),,conceptscheme:fysico-chemische-eigenschap,,gemet:6229|gemet:1322,,18,,
270,,Kleur volgens Munsell - HUE_getal (kleur1),,conceptscheme:fysico-chemische-eigenschap,,gemet:6229|gemet:1322,,18,,
271,,Kleur volgens Munsell - HUE_getal (kleur2),,conceptscheme:fysico-chemische-eigenschap,,gemet:6229|gemet:1322,,18,,
272,,Kleur volgens Munsell - HUE_getal (kleur3),,conceptscheme:fysico-chemische-eigenschap,,gemet:6229|gemet:1322,,18,,
273,,Kleur volgens Munsell - HUE_letters (kleur1),,conceptscheme:fysico-chemische-eigenschap,,gemet:6229|gemet:1322,,18,,
274,,Kleur volgens Munsell - HUE_letters (kleur2),,conceptscheme:fysico-chemische-eigenschap,,gemet:6229|gemet:1322,,18,,
275,,Kleur volgens Munsell - HUE_letters (kleur3),,conceptscheme:fysico-chemische-eigenschap,,gemet:6229|gemet:1322,,18,,
276,,Kleur volgens Munsell - kleurcode,,conceptscheme:fysico-chemische-eigenschap,,gemet:6229|gemet:1322,,18,,
277,,Kleur volgens Munsell - VALUE (kleur1),,conceptscheme:fysico-chemische-eigenschap,,gemet:6229|gemet:1322,,18,,
278,,Kleur volgens Munsell - VALUE (kleur2),,conceptscheme:fysico-chemische-eigenschap,,gemet:6229|gemet:1322,,18,,
279,,Kleur volgens Munsell - VALUE (kleur3),,conceptscheme:fysico-chemische-eigenschap,,gemet:6229|gemet:1322,,18,,
280,,Korrelverdeling d.m.v. hydrometer/areometer,,conceptscheme:fysico-chemische-eigenschap,conceptscheme:fysico-chemische-eigenschap,gemet:6229|gemet:1322,,,,
281,,Korrelverdeling d.m.v. laserdiffractie,,conceptscheme:fysico-chemische-eigenschap,conceptscheme:fysico-chemische-eigenschap,gemet:6229|gemet:1322,,,,
282,,Korrelverdeling d.m.v. zeefproef,,conceptscheme:fysico-chemische-eigenschap,conceptscheme:fysico-chemische-eigenschap,gemet:6229|gemet:1322,,,,
283,,Meest losse pakking,,conceptscheme:fysico-chemische-eigenschap,conceptscheme:fysico-chemische-eigenschap,gemet:6229|gemet:1322,,,,
284,,Mengmonster aantal steken,,conceptscheme:fysico-chemische-eigenschap,conceptscheme:fysico-chemische-eigenschap,gemet:6229|gemet:1322,,,,
285,,Mengmonster ID steek,,conceptscheme:fysico-chemische-eigenschap,conceptscheme:fysico-chemische-eigenschap,gemet:6229|gemet:1322,,,,
286,,Mengmonster locaties steken,,conceptscheme:fysico-chemische-eigenschap,conceptscheme:fysico-chemische-eigenschap,gemet:6229|gemet:1322,,,,
287,,Mengmonster locatie steek,,conceptscheme:fysico-chemische-eigenschap,conceptscheme:fysico-chemische-eigenschap,gemet:6229|gemet:1322,,,,
288,,Mengmonster staalnamepatroon,,conceptscheme:fysico-chemische-eigenschap,conceptscheme:fysico-chemische-eigenschap,gemet:6229|gemet:1322,,,,
289,,Oogstresten,,conceptscheme:fysico-chemische-eigenschap,conceptscheme:fysico-chemische-eigenschap,gemet:6229|gemet:1322,,,,
290,,Reductie in horizont(ja/nee),,conceptscheme:fysico-chemische-eigenschap,conceptscheme:fysico-chemische-eigenschap,gemet:6229|gemet:1322,,,,
291,,Reliëf - aanwezigheid helling,,conceptscheme:fysico-chemische-eigenschap,conceptscheme:fysico-chemische-eigenschap,gemet:6229|gemet:1322,,,,
292,,Reliëf - aard,,conceptscheme:fysico-chemische-eigenschap,conceptscheme:fysico-chemische-eigenschap,gemet:6229|gemet:1322,,,,
293,,Reliëf - expositie,,conceptscheme:fysico-chemische-eigenschap,conceptscheme:fysico-chemische-eigenschap,gemet:6229|gemet:1322,,,,
294,,Reliëf - helling enkelvoudig,,conceptscheme:fysico-chemische-eigenschap,conceptscheme:fysico-chemische-eigenschap,gemet:6229|gemet:1322,,,,
295,,Reliëf - helling meervoudig,,conceptscheme:fysico-chemische-eigenschap,conceptscheme:fysico-chemische-eigenschap,gemet:6229|gemet:1322,,,,
296,,Reliëf - landvorm,,conceptscheme:fysico-chemische-eigenschap,conceptscheme:fysico-chemische-eigenschap,gemet:6229|gemet:1322,,,,
297,,Reliëf - microreliëf,,conceptscheme:fysico-chemische-eigenschap,conceptscheme:fysico-chemische-eigenschap,gemet:6229|gemet:1322,,,,
298,,Reliëf - positie op de helling,,conceptscheme:fysico-chemische-eigenschap,conceptscheme:fysico-chemische-eigenschap,gemet:6229|gemet:1322,,,,
299,,Reliëf - situering,,conceptscheme:fysico-chemische-eigenschap,conceptscheme:fysico-chemische-eigenschap,gemet:6229|gemet:1322,,,,
300,,Reliëf - type helling,,conceptscheme:fysico-chemische-eigenschap,conceptscheme:fysico-chemische-eigenschap,gemet:6229|gemet:1322,,,,
301,,Reliëf - vorm van de helling,,conceptscheme:fysico-chemische-eigenschap,conceptscheme:fysico-chemische-eigenschap,gemet:6229|gemet:1322,,,,
302,,Roest - kleur omschrijving,,conceptscheme:fysico-chemische-eigenschap,conceptscheme:fysico-chemische-eigenschap,gemet:6229|gemet:1322,,,,
303,,Samendrukkingsproef,,conceptscheme:fysico-chemische-eigenschap,conceptscheme:fysico-chemische-eigenschap,gemet:6229|gemet:1322,,,,
304,,Saturatie-index,,conceptscheme:fysico-chemische-eigenschap,conceptscheme:fysico-chemische-eigenschap,gemet:6229|gemet:1322,,,,Status: done01.2026
305,,Schuifweerstandskarakteristieken,,conceptscheme:fysico-chemische-eigenschap,conceptscheme:fysico-chemische-eigenschap,gemet:6229|gemet:1322,,,,
306,,Schuifweerstandskarakteristieken Consolidated Drained,,conceptscheme:fysico-chemische-eigenschap,conceptscheme:fysico-chemische-eigenschap,gemet:6229|gemet:1322,,,,
307,,Schuifweerstandskarakteristieken Consolidated Undrained,,conceptscheme:fysico-chemische-eigenschap,conceptscheme:fysico-chemische-eigenschap,gemet:6229|gemet:1322,,,,
308,,Schuifweerstandskarakteristieken Unconsolidated Undrained,,conceptscheme:fysico-chemische-eigenschap,conceptscheme:fysico-chemische-eigenschap,gemet:6229|gemet:1322,,,,
309,,Specificatie van antropogeen materiaal,,conceptscheme:fysico-chemische-eigenschap,conceptscheme:fysico-chemische-eigenschap,gemet:6229|gemet:1322,,,,
310,,Standaard proctorproef,,conceptscheme:fysico-chemische-eigenschap,conceptscheme:fysico-chemische-eigenschap,gemet:6229|gemet:1322,,,,
311,,Stenen,,conceptscheme:fysico-chemische-eigenschap,conceptscheme:fysico-chemische-eigenschap,gemet:6229|gemet:1322,,,,
312,,Techniek van de boring,,conceptscheme:fysico-chemische-eigenschap,conceptscheme:fysico-chemische-eigenschap,gemet:6229|gemet:1322,,,,
313,,Temperatuur correctie,,conceptscheme:fysico-chemische-eigenschap,conceptscheme:fysico-chemische-eigenschap,gemet:6229|gemet:1322,,,,
314,,Type van de boring,,conceptscheme:fysico-chemische-eigenschap,conceptscheme:fysico-chemische-eigenschap,gemet:6229|gemet:1322,,,,
315,,Vegetatie,,conceptscheme:fysico-chemische-eigenschap,conceptscheme:fysico-chemische-eigenschap,gemet:6229|gemet:1322,,,,
316,,Versterkte proctorproef,,conceptscheme:fysico-chemische-eigenschap,conceptscheme:fysico-chemische-eigenschap,gemet:6229|gemet:1322,,,,
317,,Vinproef,,conceptscheme:fysico-chemische-eigenschap,conceptscheme:fysico-chemische-eigenschap,gemet:6229|gemet:1322,,,,
318,,Vochtgehalte gradatie,,conceptscheme:fysico-chemische-eigenschap,conceptscheme:fysico-chemische-eigenschap,gemet:6229|gemet:1322,,,,
319,,Watertafel aanwezig binnen profielput of boring,,conceptscheme:fysico-chemische-eigenschap,conceptscheme:fysico-chemische-eigenschap,gemet:6229|gemet:1322,,,,
320,,Wetland,,conceptscheme:fysico-chemische-eigenschap,conceptscheme:fysico-chemische-eigenschap,gemet:6229|gemet:1322,,,,
321,,Zwelproef,,conceptscheme:fysico-chemische-eigenschap,conceptscheme:fysico-chemische-eigenschap,gemet:6229|gemet:1322,,,,
322,,Elektrische geleidbaarheid,,conceptscheme:fysico-chemische-eigenschap,conceptscheme:fysico-chemische-eigenschap,gemet:6229|gemet:1322,,,,
324,,Secchi-diepte,,conceptscheme:fysico-chemische-eigenschap,conceptscheme:fysico-chemische-eigenschap,gemet:6229|gemet:1322,,,,
325,,Waterdiepte van secchi-bepaling,,conceptscheme:fysico-chemische-eigenschap,conceptscheme:fysico-chemische-eigenschap,gemet:6229|gemet:1322,,,,
326,,Zwevende stoffen (105°C),,conceptscheme:fysico-chemische-eigenschap,conceptscheme:fysico-chemische-eigenschap,gemet:6229|gemet:1322,,,,
327,,Zwevende stoffen (550°C),,conceptscheme:fysico-chemische-eigenschap,conceptscheme:fysico-chemische-eigenschap,gemet:6229|gemet:1322,,,,
328,,Waterdampgehalte,,conceptscheme:fysico-chemische-eigenschap,conceptscheme:fysico-chemische-eigenschap,gemet:6229|gemet:1322,,,,
329,,Druk,,conceptscheme:fysico-chemische-eigenschap,conceptscheme:fysico-chemische-eigenschap,gemet:6229|gemet:1322,,,,
330,,Geologische aard ,,conceptscheme:fysico-chemische-eigenschap,conceptscheme:fysico-chemische-eigenschap,gemet:6229|gemet:1322,,,,
331,,Korrelgrootte,,conceptscheme:fysico-chemische-eigenschap,conceptscheme:fysico-chemische-eigenschap,gemet:6229|gemet:1322,,,,
